Ulasan,Label
bagus,Puas
model keren harga murah barang gak murah moga awet barang,Puas
sesuai skripsi mantap,Puas
kualitas oke,Puas
barang kirim sesuai pesan,Puas
fast respons model keren kualitas bagus mantap,Puas
bagus,Puas
baguss brand lokal kualitas produk harga jangkau,Puas
model keren pas kaki,Puas
pas kerja jalan jalan gak licin,Puas
barang sesuai harga cacat ukur sesuai warna sesuai ramah kantong moga awet,Puas
mantab,Puas
maaf review jujur aja gak ekspektasi gede sepatu pas barang kejut estimasi barang minggu nyata tangan overall layan gak kecewa build quality sepatu good harga bilang gak mahal thanks aerostreet,Puas
bagus banget sepatu terima kasih,Puas
packingnya bungkus plastik,Neutral
saran tingkat benang tinggal,Neutral
model keren,Puas
mantap kak real pict nyaman kirim cepat order,Puas
bagus bat njir suka gua,Puas
model keren bahan bagus top dah,Puas
bagus sesuai pesan,Puas
sepatu keren nyaman pakai,Puas
plastik udah sobek emang tumpuk barang belanja kali benang rapih gpp kirim cepat,Puas
barang bagus alhamdulillah packingnya tolong rapihin iya ngirim toko cuman kotak sepatu plastik aja penyok ambiradul plastik rawan mohon koreksi,Puas
sepatu keren sporty dann nyaman dipake langgan beli aerostreet impressed kualitas kali beli couple mbakk pacarrrr hehehe terima kasihhh aerostreet sukses,Puas
nyaman bagus finishingnya rapi sisa benang lem rapih,Puas
keren sih murah berat bobot,Puas
kirim sesuai barang aman nggak bubble wrap pilih warna hitam netral foam dalem lumayan empuk nyaman sol asa kalo pake kaos kaki nggak asa moga awet,Puas
bagus banget sumpah keren,Puas
model bagus bahan mantap terimakasih,Puas
kosong msh oke kaya pake kaos kaki sempit gila barang rbuan kaya gin bagus topp locaal produk osaka gue nyesel,Puas
model keren nyaman pakai bahan bagus tebal,Puas
keren mantul,Puas
model bagus enak pakai anak senang produk lokal indonesia,Puas
overall bagus sih kirim respon admin ekspedisi cek noda kuning sepatu loga aerostreet noda butih perhati,Tidak Puas
kirim cepat noda kuning packingnya udah bagus buble warp box mudah penyok remuk overall bagus banget,Puas
kirim cepat sesuai pesan box penyok over all admin responsif,Puas
model mevvah bahan oke nyaman pakai mantap,Puas
ukur pas nyaman kaki model keren,Puas
mantaaap,Puas
qualitas sepatu bagus model bagus cuman berat jenis bahan alas sepatu sepatu kuat beli anak,Puas
jual responsif produk aerostreet ragu kwalitas produk cakep dah terimakasih,Puas
terima kasih paket terima kirim,Puas
barang bagus kualitas nyaman pakai size sesuai prediksi barang awet moga yaa,Puas
kembang mas sepatu belah kanan jahit dicutting rapi cetak okay rapi kotor foam overall oke sukses aerostreet udah beli kali mantap,Puas
barang bagus sesuai deskripsi pakai nyaman catat packagingnya rusak isi aman,Puas
mantappp kerennn kualitas bagus,Puas
mantep sepatu kerennn proses kirim cepet banget beli kemaren dah langsung sampe aja bikin kaget,Puas
ngincer model tau bagus kirim cepet banget malam pagi langsung nyampai kurir ramah banget sayang packaging kayak gitu doang takut penyok kalo misa alamat packing diplastikin aja,Puas
sepatu bagus keren anak sya suka overall good,Puas
beli aerostreet cuman sayang ukur nggk pilih muat sih cuman sempit bahan bagus nggk kecewa saran tolong ukur stok moga awet nggk kecewa,Puas
mantap produk lokal gak kalah saing enak empuk model not bad sesuai ukur sukses aerostreet,Puas
sepatu berat jogging,Tidak Puas
pas kaki sesuai iklan aerostreet emang mantap,Puas
maaf kaka bagus cuman salah nomor,Tidak Puas
model bagus anak suka bahan bagus keren,Puas
mantapp,Puas
sesuai pesan,Puas
bagus,Puas
sesuai deskripsi,Puas
bagus bagus bagus udh gitu aja,Puas
bagus banget sepatu dapet harga coin bayar terimakasih seller tokped,Puas
mantap lokal brand nyaman mantap model bagus,Puas
model bagus sekolah oke pokok mantap bsk beli,Puas
kaki lebar sih aman kayak,Puas
ukur beneran deskripsi ukur beli sepatu,Neutral
nambah koleksi sepatu aerostreet kualitas bagus harga jangkau klo harga promo mantap,Puas
barang lumayan cepat sesuai harga,Puas
alhamdulillah paket lengkap selamat,Puas
terimakasih kak pesan,Puas
hii aerostreet terima kasih barang kirim sesuai pesan bagus kali alami terima barang emas sederhana lindung sobek plastik alam moga sepatu utuh bagus terima kasih,Puas
mantap,Puas
real pict cepat kualitas mantap jiwa recommended seller,Puas
keren model nyaman kaki pakai olahraga,Puas
mantap next order langgan klo layan bagus makas,Puas
overall good,Puas
harga murah kualitas mantap,Puas
sepatu keren alhamdulillah dapet harga,Puas
model bagus banget jahit the best shoe sepatu beli pake uang moga toko kembang,Puas
bagus original produk,Puas
keren sepatu bgs,Puas
mantap barang selamat model bagus pas kaki,Puas
beli langsung jatuh cinta produk mantep banget moga awet,Puas
nyaman awet kualitas adain promo aja,Puas
terima pas kaki,Puas
bagus,Puas
nyaman pakai moga awet tahan masuk berat sepatu beli,Puas
barang sesuai kirim oke ukur sesuai deskripsi produk bagus,Puas
sepatu pas nyaman pakai,Puas
model keren kasih kado neng banget,Puas
packingan aman kirim cepat barang bagus,Puas
model keren barang sesuai pesan,Puas
bahan bagus produk lokal kalah produk,Puas
keren udah beli slrg barang oke packing rapih jahit rapih,Puas
kirim nyasar keliling pulau jawa terimakasih mudah awet,Puas
coba san pas ukur kaki pas keren sepatu,Puas
model keren sepatu pas kaki nyaman pakai,Puas
oke,Puas
model keren mantab,Puas
kualitas harga sahabat,Puas
mantap sesuai pesan,Puas
moga cocok,Puas
mantap moga awet kuat tahan plastik bungkus transparan hitam,Puas
kelassss,Puas
barang bagus enak pakai mantap,Puas
sepatu bagus harga murah pas kaki mudah awet,Puas
sesuai deskripsi,Puas
beli size size,Neutral
mayan dapet wkwkwkw,Neutral
makasih aerostreet kecewa produk lokal kualitas internasional gasss sukses,Puas
tau produk diskon dibubble wrap dus penyok untung barang aman sepatu,Puas
cocok sesuai nyaman pakai,Puas
barang original aerostreet sesuai deskripsi estimasi sesuai jadwal,Puas
kualitas sesuai keren pokok dah belanja sekian kali,Puas
midsole lihat kelupas mesti hati hati pakenya kain loncat jujur kasih star karna sesuai ekspektasi kirim lumayan cepat deket kali yak moga awet ajahhh,Puas
sesuai harga,Puas
oke,Puas
mantap,Puas
barang sesuai deskripsi packing aman jahit rapi detail bagus ringan nyaman bahan,Puas
pas nyaman tes hak mudah miring bikin kaki keseleo,Puas
bagus harga sepatu miss layak pakai harga murah,Puas
bagus,Puas
mantap,Puas
puas produk beli kali bahan bagus harga jangkau kembang lgi jahit lepas kirang rapih,Puas
mantap,Puas
cocok kaki,Puas
keren sepatu ukur kirim sesuai order recommended seller,Puas
model bahan bagus sol berat coba bikin semi foam ringan laku,Puas
udah sepatu beli suami gaa beli suami,Neutral
sepatu aerostreet segi kualitas kalah saing brand harga relatif murah,Puas
bagus sesuai,Puas
nyaman pakai sol empuk bahan sngt kualitas walaopun local product,Puas
nyata dasar sepatu pisah jdinya gambar lepas udah dipake awet skrg,Puas
model keren barang sesuai pesan kali beli aerostreet awet,Puas
sepatu outdoor hujan deras kualitas sepatu bagus tahan air sepatu harga jangkau trendy bikin prestige harga murah produk lokal neng aja produk,Puas
good,Puas
tolong aero tingkat,Neutral
bagus,Puas
keren model kualitas mantap,Puas
mantap,Puas
bentuk keren mudah awet,Puas
bahan bagus sesuai harga mantap dah,Puas
mantap sesuai deskripsi,Puas
bagus,Puas
model bagus anak sekolah,Puas
senang barang sesuai lambat nerima barang tgl maret tgl februari status selesai kurir barang terima kondisi plastik foto robek ragu robek karna seller kurir barang coba sepatu minggu liat barang bagus harap sepatu awet catat tetep kecewa karna lambat lihat kondisi barang terima sobek plastik,Puas
bagus produk lokal keren euy,Puas
terima kasih,Puas
sepatu bagus sayang rapih minus foto ukur sepatu size naikin sizenya,Puas
keren mantap kualitas sesuai deskripsi pesan,Puas
keren empuk model bagus brand lokal asli,Puas
mantap,Puas
barang bagus sesuai gambar nice gan,Puas
berat kokoh kualitas mantulll,Puas
bagus pas harga promo murce terimakasih,Puas
kualitas bagusss saran beli ukur sepatu ngepress banget beli aja ukur kaki pakai size aja size,Puas
model keren,Puas
tampil bagus,Puas
real pict kurir cepet toppp,Puas
proses kirim cepat mantull moga awet,Puas
mantap jiwa pas kaki pas kantong terimakasih yah kakak promo beli,Puas
keren sumpah sepatu,Puas
sepatu lumayan enteng bahan bagus model lumayan empuk,Puas
pas nyaman pakai,Puas
bahan mantap kualitas bagus box peyok dikit gak ngaruh,Puas
barang aman minus packing plastik doang jdi box rusak,Tidak Puas
keren lumayan kerja,Puas
model keren pas kaki smoga awet warna udah sesuai makasih aero street,Puas
pesan sesuai ukur kaki nyaman pakai kirim cepat,Puas
ukur pas,Puas
okey enak pakai empuk,Puas
bagus bgt,Puas
oke,Puas
good rapih,Puas
kirim cepat bagus ukur naikin angka ngepas banget,Puas
aerostreet pikir bubble wrap,Neutral
ukur pas cepat far problem moga awet,Puas
model bahan bagus coba pakai jalan nyaman mantap pokok,Puas
mantaaaappppp,Neutral
barang sesuai pesan ukur pas sesuai standar nyaman murah bagus ringan moga awet,Puas
mantap,Puas
gak buka kado biar aza buka recomended,Puas
recommended bingits local gentar,Puas
udah sekian kali sih order aerostreet emang barang keren harga worth,Puas
ukur sen gbkuat sen mending besarin angka,Puas
ukur pas sesuai pesan terima kasih,Puas
oke,Puas
udh langgan,Neutral
produk lokal keren,Puas
beli toko resmi aerostreet sepatu murah bagus kaya sepatu mahal saran nomor nomor sepatu normal foamnya nyaman nyata ukur sepatu,Puas
keren bahan nyaman,Puas
sesuai deskripsi kirim cepat ukur pas sol empuk nyaman pakai,Puas
mantap produk lokal ngak kaleng kaleng minus ngak rapih jahit ngak potong rapih potong,Puas
sesuai gambar barang bagus,Puas
mantap sepatu kualitas bagus ukur sesuai asli ukur untung,Puas
good,Puas
oke mantap barang sesuai,Puas
bagus enak pakai moga awet lancar dagang,Puas
kirim cepat produk bagus,Puas
oke stok tinggal doang diskon,Puas
produk lokal bagus harga jangkau model bagus top dukung produk lokal,Puas
model bagus ukur pas packing iya pakai plastik bening untung paket darat aman utuh,Puas
kali beli aerostreet kecewa,Tidak Puas
transaksi barang muas,Neutral
sepatu bahan model bagus aja proses slowres nyampe cepet,Puas
selamat aman,Puas
mantap,Puas
murah,Neutral
barang pas udah pulang dicheck besok moga aja sesuai ekspetasi puas order makasih yah,Puas
sepatu packing rapi model keren bahan bagus kali pesan pokok aerostreet the best terima kasih seller kurir,Puas
barang sesuai gambar kirim barang cepat,Puas
model kerenn,Puas
sih langgan aerostreet emang gak ragu kualitas bayar doang astogeeee,Puas
naikin angka nyata klo lokal biar pas,Puas
value for money,Neutral
outsole kotor gpp,Neutral
barang sesuai gratis ongkir,Puas
bagus bnget cma berat aja,Puas
mantappp kualitas oke,Puas
bagus banget anak suka,Puas
bahan bagus lihat premium berat sepatu merek beli ajar cinta produk negri,Puas
sesuai pas ukur normal model keren udh langgan makasih aerostreet mkasih kurir,Puas
mantap keren,Puas
worth buy,Puas
bagus nyata berat,Puas
pakai merk kecewa kualitas layan harga worthy awet kerja lapang kondisi ekstrim,Puas
model keren packingnya aman barang pas sesuai skripsi moga awet pakai,Puas
keren banget kali habis barang barang buru takut karna barang harga banding barang karna bagus bgt moga awet ingen membuktika anti jebol,Puas
bagus lumayan dpt potong,Puas
produk bgs,Neutral
mantap dapet flash sale,Puas
sepatu keren original kaga nyesel beli sepatu,Puas
bintang pesan sepatu barang resi tulis alamat tuju isi beda kirim beda seller komplain barang keburu jemput ekspedisi retur alhasil uang masuk jual ulas ekspedisi klo seller baca ulas mohon bantu nilai barang percaya hilang kali transaksi toko,Tidak Puas
real pic,Neutral
bagus sesuai pesan barang aman sampenya cepet banget jakarta selang sampe beli kali adik sekolah,Puas
mantap emang gak ngecwain,Puas
barang aman desain mantap kualitas the best,Puas
ukur,Neutral
oke,Puas
kereeen bangettt sumpah sepatu suka banyakin model kayak gin padu hitam gold sumpah keren banget,Puas
mantep,Puas
ukur pas patok ukur kalo sepatu ukur tetep pilih ukur sepatu merk pas pas aja bahan empuk model bagus thanks,Puas
bahan bagus size pas buuagus pokok puas banget belanja,Puas
mantap bagus produk,Puas
barang sesuai ekspetasi nyaman pake moga awet,Puas
keren barang cumn kirim cukp worth lahh,Puas
like the looks thanks finally got good local shoes with top international quality,Puas
barang bagus sesuai gambar kirim cepat packing rapih aman pokok muas sen nunggu restok moga langgan harga sampe sempet foto,Puas
sepatu aerostreet langgan keluarga,Neutral
oke banget,Puas
kualitas sol empuk ringan nyaman,Puas
puas banget harga gin kualitas bagus keren rapi nyaman saran ulas aman pilih ukur nomor ukur pakai bagus seller revisi pandu ukur cantum deskripsi proses transaksi kirim cepat terima kasih seller moga amanah laris kembang lapak,Puas
packaging rapih abisss,Puas
sip,Puas
gak nyesel beli sepatu aerostreet adain min seri dragonball ken bgt cell,Neutral
barang bagus original empuk moga awet yaa,Puas
sesuai harga,Puas
beli aerostreet sampenya selamat sepatu aerostreet catalog terima kasih,Puas
sepatu keren kirim cepat lope kebon tokopedia,Puas
keren banget sih sepatu lgsg dipake sekolah anak,Puas
model keren pas dipake empuk banget,Puas
mantap udah sekian kali pesan toko kualitas,Puas
minus jahit gak rapi dikit,Tidak Puas
keren banget ukur pas sih lebihin size,Puas
barang terima sesuai deskripsi lumayan laaah seller recommended,Puas
niceee,Puas
harga gin kualitas masuk bagus,Puas
fast respon bgt suka nyaman model keren,Puas
barang nyampe overall barang sesuai deskripsi ukur pas moga awet,Puas
model bagus ukur size sesuai barang sesuai harap,Puas
pas ukur kaki,Puas
nyaman keren,Puas
mantab,Puas
mantap barang terima sesuai deskripsi terimakasih,Puas
barang sesuai pesan,Puas
alhamdulillah barang sesuai cmn ukur pas banget saran nyaman ukur ukur kaki,Puas
mantapppp bagus bgt sepatu,Puas
sesuai pesan mantab boss kuh,Puas
jahit rapih bgt benang sisa nempel,Puas
deskripsi ukur size chart dibenerin kayak,Neutral
barang keren nyaman,Puas
emang bener bagus,Puas
keren,Puas
bagus bgtttt makaish tokped,Puas
sesuai deskripsi,Puas
bagus banget barang kendala,Puas
joss,Puas
model bagus nyaman pakai moga awet,Puas
barang oke bgt suka ama alas sepatu warna kuning kyk licin aja kasih kain tipis biar kaos kaki keset pas dipake,Puas
kirain enteng nyata lumayan berat yah minus dapet harga ribu doang sepatu aerostreet mantap,Puas
model keren mantap,Puas
model bagus sol lentur,Puas
produk kualitas model keren,Puas
order mantap kecewa moga awet,Puas
barang keren ringan sepatu terimakasih seller,Puas
model pas ukur sesuai mantab maju brand lokal,Puas
sesuai deskripsi,Puas
bagus sepatu,Puas
respon super cepat bahan bagus nyaman nyaman model bagus ukur pas order sukses terima kasih,Puas
mantap langgan,Puas
puas layan aerostreet,Puas
model dilebihin biar pas pakai judul lokaltakgentar,Puas
baguuuuuus sesuai,Puas
beli sekian kali kali sbg hadiah tim kerja,Neutral
beli sekian kali kali sbg hadiah tim kerja,Neutral
beli sekian kali kali sbg hadiah tim kerja,Neutral
barang bagus beli sekian kali kali dibeirkan sbg hadiah utk tim kerja,Puas
sesuai pes nyaman pakai,Puas
klaten malang darat selamat cocok sepatu next langgan toko,Puas
pesan,Neutral
sepatu bagus ukuranya pas kaki,Puas
pilih ukur ukur pakai,Neutral
bahan bagus nyaman pakai,Puas
pas bgt terimakasih,Puas
kualitas sesuai harga,Puas
kualitas bagus bangga produk lokal,Puas
beli mantap barang murah kwalitas bagus moga awet biar next time beli emang kwalitas trbukti,Puas
buka utk kado natal,Neutral
alhamdulillah paker dipacking ukur sesuai kaki model keren bahan bagus terima kasih looking forward for other model,Puas
model keren tebal kirim cepat,Puas
pas mantep bet,Puas
sesuai pesan,Puas
lmyn empuk,Puas
selamat tuju,Puas
utk kirim lumayan utk kualitas sepatu bagus pas kaki moga awet,Puas
bagus murah pas ukuranya mantap,Puas
nice,Puas
barang kali beli aerostreet kecewa barang bagus murah sesuai kantong orang indonesia,Puas
mantap,Puas
top produk,Puas
bagus bgt,Puas
bagus murah,Puas
mantap dah,Puas
keren,Puas
terimakasih kak,Puas
biar bintang bicara,Neutral
barang bagus customer servicenya udah kyk ngobrol robot ulang ulang kesel,Puas
overall kualitas sepatu muas,Puas
sesuai banget,Puas
mantapp,Puas
keren,Puas
barang mamsih,Neutral
sesuai foto cakep sepatu ukur size pakai anak minus sicepat beud kirim barang tgl req pickup terima tgl sampe,Puas
sesuai pesan terimakasih,Puas
lokal kualitas mantab,Puas
moga awet,Puas
mantab,Puas
sepatu sesuai foto bagus harga standar,Puas
bagus sesuai harga,Puas
sepatu aerostreet resmi santai,Neutral
kualitas barang bagus sesuai deskripsi mesan,Puas
mantapp kualitas,Puas
ken tukar size krna pesan pake hak seller sih klo emang tukar hak sya klo suka tools layan seller tukar tanggung ongkir smuanya tks,Puas
kualitas lumayan bagus cacat niat komplain acara pakai sepatu hitam terima aja,Puas
terima kasih,Puas
bahan oke sol empuk nyaman kaki,Puas
enak pakai bahan kualitas,Puas
sepatu bagus gak murah sayang packingnya plastik transparan tipis rawan rusak robek,Tidak Puas
ukur sesuai pesan mantap seller thx aero street,Puas
cocok tipe kaki lebar,Puas
sepatu keren harga sgini worth mah,Puas
produk kualitas,Puas
barang oke kirim solo sampenya,Puas
barang selamat sesuai kondisi kemarin salah kirim salah seller sepatu nyaman pakai moga awet,Puas
beli aerostreet sepatu kece lumayan enak pas coba barusan nyobain model osaka liat dipake olahraga jogging mantap yah aerostreet minus like usual benang oke,Puas
produk,Neutral
sesuai deskripsi lumayan kualitasnta utk harga jangkau expedisinya aja lmyn,Puas
bagus,Puas
moga awet local pride stay long term,Puas
bagusss bgt,Puas
bagus,Puas
mantab terima kasih,Puas
keren kaga ngecewain harga pellajar aman kantong nyaman dipake aepatunya enak liat casual maen liar tetep keren,Puas
moga awet,Puas
bagus model anak suka,Puas
sepatu udah nyampe langsung coba ngantor feel enak dipake jalan mantap sukses,Puas
keren barang kualitas ukur pilih size pilih pas untung udah baca review thank you,Puas
barang bagus bandung kirim,Puas
mantap,Puas
puas terimakasih,Puas
mantap sesuai deskripsi moga brand lokal trus kembang,Puas
mantap banget keren ampun suka alhamdulillah terimakasih yangg,Puas
model keren ukur pas insolnya nyaman cocok sepatu sekolah udah kali order aerostreet alhamdulillah barang muas kendala pngiriman minggu oke,Puas
bagus,Puas
beli anak alhamdulillah puas bagus sekolah moga maju aerostreet,Puas
oke keren sepatu puas mantull,Puas
bahan bagus stylish moga tahan pakai olahraga ringan,Puas
mantul rekomen dah,Puas
beli aerostreet osaka kali warna beda,Neutral
kurir packing plastik putih bening,Neutral
mantap,Puas
cinta produk lokal harga murah gak kalah sma brand,Puas
model sesuai tingkat kerapihan produksi,Puas
saran banget aerostreet coba finishingnya perhati udah produk aero bakarin benang brudul klo gpp sampe sisi tolong qcnya revisi kecewa,Tidak Puas
nyaman kaki sakit bintang aja,Puas
paket sampe cepat aman seller fast respon barang oke nyaman pake makasih,Puas
pingin beli gibran,Neutral
overall puas produk layan toko kurir libat biar gambar utk seller kurir libat transaksi moga mudah lancar laris berkah rejekinya,Puas
produk bagus ramah kantong,Puas
pas kaki bahan bagus model pake nambah njir,Puas
kualitas sesuai harga,Puas
biar bintang bicara,Neutral
sepatu bagus,Puas
suami suka thanks,Puas
keren sih aerostreet kasih kasih produk harga kompetitif konsumen,Puas
pede beli product,Neutral
sesuai pict ukur pas nyaman dipake,Puas
ukur pas alas nyaman,Puas
produk cacat produksi sepatu terima ikan skore cacat moga normal kwalitas aerostreet foto cacat komplain pakai anak sepatu kirim pakai,Tidak Puas
barang sesuai deskripsi pas nyaman kaki jangkau negeri thanks seller,Puas
bahan awet,Puas
iseng anak anak nyaman suka sepatu aero,Puas
bagus,Puas
overall sepatu kualitas tingkat banggaprodukindonesia,Puas
model oke kualitas bagus awet ngak blm tau,Puas
bestseller,Puas
sesuai harap mkasih sellerr pokoke top markotop udah langgan,Puas
mantap barang joss kirim lambat,Puas
pakai ngepas banget jempol gak gerak coba merk nyata sizenya ngepas bgt klu model,Puas
good product murah nyaman kualitas,Puas
mantap sepatu aerostreet puas banget kualitas harga oke mahal,Puas
pesan sesuai ukur pas,Puas
bagus realpict kurrir ramah,Puas
terima harga oke kualitas oke terimakasih,Puas
keren abisssss,Puas
barang barang kirim kaya beda model,Neutral
bagus banget bahan nyaman empuk pas kaki desain model keren bingits dapet diskon sampe gratis ongkis,Puas
pas packing aman,Puas
kerennnn lokalpride,Puas
keren kualitas pas sayang barang jalan gratis ongkir,Puas
sesuai harga,Puas
keren kirim cepat kualitas bagus recommended seller,Puas
model keren bahan bagus sesuai ekspektasi mantap,Puas
mantep pakai pis cuman sen ukur,Puas
produk sesuai pesan,Puas
beli kali sepatu nyaman kaki model keren anak suka,Puas
mantaab sesuai pesan,Puas
model keren ekspektasi nyaman pakai,Puas
udah sekian kali beli aerostreet emg kaleng produk lokal,Puas
keren kualitas,Puas
oke ukur pas nyaman sesuai deskripsi,Puas
pas kaki ringan moga awet,Puas
mantab,Puas
worth harga segitu udah bagus sol karet lentur gitu model bagus saran kalo beli naikin nomer aja nomor thankyou,Puas
bagus banget,Puas
sepatu kren sesuai gambar,Puas
good stuff good price nice packaging value for money banget nyaman mahal murah murah sesuai deskripsi sesuai ekspektasi overall good job gan,Puas
barang mantaf star,Neutral
alhamdulillah,Puas
oke,Puas
produk bagus harga jangkau,Puas
pas sesuai ukur,Puas
model sesuai bagus packingan lumayan lahh terima kasih,Puas
barang terima sesuai pesan moga awet,Puas
tetep istiqomah pke aerostreet jaya,Neutral
harga gin sih banget lihat reviuw naikin size sen size kyknya gak pas aja moga awet,Puas
kualitas bagus rapi recommended,Puas
mantap beli sekian kali,Puas
mantulll,Puas
bagus dri ukur,Puas
sipppp matur suwun,Puas
barang selamat pakai sepatu aerostreet lumayan pakai terima kasih,Puas
manta,Neutral
nyaman,Puas
sepatu aerostreet osaka aman sesuai model bagus terima kasih gan,Puas
good built quality,Puas
barang bagus mudah mudah kwalitas sayang kirim lambat oke,Puas
mantap,Puas
model keren todong beliin bebeb anak nih hahahaha,Puas
sepatu sesuai ukur nyaman pakai enak dipake lari,Puas
sepatu bagus model lumayan keren,Puas
bagus banget barang buah tips kalo milih ukur,Puas
anak suka pakai nyaman bilang sempit skrg dipake berat banding sepatu jenis jenis sol lgs cetak sepatu moga awet,Puas
bagus,Puas
bagus,Puas
beli sepatu aerostreet tahan ampe thn mnurut jelek bgt benang msih nglewer finishingnya sbgai brand lokal kualitas udh top pdhl,Puas
jaitan rapih aja nih benang bakar pake korek quality control tolong tingkat,Puas
langgan setia suka,Puas
kualitas bagus rapi aero foamz bikin kaki nyaman cuman bobot berat overall worthed produk lokal packing kirim perhati kardus sepatu bungkus plastik tipis,Puas
sesuai deskripsi,Puas
sesuai pesan packaging aman ukur pas value for money,Puas
mantaaaapp sesuai harap,Puas
harga murah kualitas mantab jual fast response,Puas
kirim cepat kualitas barang mantap,Puas
nyaman pakai ukur pas rapi,Puas
packaging oke desain ciamik sol mantap mbois,Puas
bagus banget barang suka banget puas sepatu,Puas
sepatu ukur ukur telapak kaki ukur biar aman tetep aja engga masuk telapak kaki yah nama beli online review kirim aja sesuai jadwal engga review nyaman engga dipake saran mending dinaikin size,Puas
barang bagus cuman minus kirim,Tidak Puas
dah langgan pake aerostreet puas kualitas model harga murah sukses slalu wat produsen aerostreet,Puas
nyaman,Puas
mantap produk lokal gak kalah produk,Puas
pas kaki model keren berat,Puas
sipp,Puas
oke maaf paket acara rincian packing ekspedisi pesan senin pagi selesai jum klaten mojokerto,Puas
barang baguss model baguss bahan sesuai harga baguss pokok sol bagus ukur pas sesuai ukur kaki barang real pictt percaya kalo langgan thanks min,Puas
barang bagus banget harga murah murah product lokal saing produck cina,Puas
terimakasih,Puas
pas dipake packaging mantap,Puas
lumayan,Puas
terima kondisi,Neutral
model keren packing rapih cepat recomended pokok order,Puas
sesuai dwngan harga,Puas
model kualitas sesuai harga,Puas
sepatu bagus model kirim,Puas
sepatu panas sesuai harga,Puas
keren pake banget,Puas
keren sepatu nyaman pas pakai,Puas
produk negeri kualitas sepatu bagus enak pakai kotak sepatu rapuh karton keras kokoh recomended utk sepatu moga kualitas jaga,Puas
barang sesuai ekspektasi mantap proud lokal,Puas
desain sporty proses pesan cepat packaging aman respon jual top ukur sesuai,Puas
keren gak ragu kalo aerosteeet,Puas
barang cakep harga jangkau,Puas
real pict gambar,Neutral
kualitas lumayan sepatu lokal murah insol nyaman,Puas
kualitas bagus fast respons terima kasih aerostreet bangga produk lokal indonesia,Puas
model kereeeeennnnn berat,Tidak Puas
barang sesuai,Puas
lumayan,Puas
all good ukur pas warna bagus sesuai deskripsi mantab,Puas
barang sesuai pesan model bagus sol rapih kurir cepat sellernya ramah sigap,Puas
lucu belah kanan,Neutral
model bagus nyaman pakai,Puas
barang aman makasih,Puas
ukur ngepresdi kaki,Neutral
beli sepatu aerostreet gak kecewa sepatu nyaman jangka,Puas
good,Puas
terimakasih sepatu nyaman keren,Puas
mantab size sesuai,Puas
model keren kirim cepat,Puas
jahit rapi overall good,Puas
barang keren harga,Puas
sepatu bagus enteng nyaman pakai,Puas
belanja kali nyaman kaki moga awet,Puas
keren aslina pas anak sekolah,Puas
sesuai harga packaging rapih btw terimakasih,Puas
size,Neutral
kali beli pake ukur tukar yaa,Neutral
kecewa,Tidak Puas
barang bagus berat aja sih,Puas
sempurna gua nambah pake sepatu,Puas
sesuai harga,Puas
harga gin oke produk lokal saran sih packagingnya tambahin dikit lembar lembar bubble wrap,Puas
maju produk asli indonesia,Puas
bagus,Puas
nice laku inovasi sepatu ringan,Puas
model enak ukur sesuai,Puas
harga murah barang istimewa nyaman pake,Puas
produk muas beliin adek suka banget,Puas
barang sesuai pesan mantaappzz,Puas
bagus sesuai pesan,Puas
nih harga segitu kualitas liat bagus beli temen alhamdulillah pas thanks moga sukses,Puas
utk kado maap gada foto karna lgsg kirim rmh tingkiu,Neutral
mantap sesuai ekspektasi,Puas
barang sampe aman packing rapi barang sesuai ukur sesuai moga awet sepatu seller responsif sip,Puas
terimakasih,Puas
siippp model keren sesuai ekspektasi moga awet,Puas
sepatu udah landing jogja min packing amin produk sesuai deskripsi ukur sesuai pes cacat mudah awet,Puas
ngikutin ukur pandu ngepas sok tau ukur kaki wkwkwkwk dah bener ikutin aja but still nice tali lebar banget looksnya sneakers merk belah mending model hoops kalo gin haha gpp kerja,Puas
baguss sepatu,Puas
oke produk bagus ngepas ukur,Puas
sepatu bagus masuk packing kuat aman jalan plastik sobek ujung kahwatir aja alhamdulilah cek produk makasih yahh,Puas
darat selamat terima kasih,Puas
barang paten harga keren ukur pas kaki,Puas
beli beli jaket alhamdulillah bagus nyaman dipake mudah awet,Puas
terima kasih barang sesuai deskripsi,Puas
rezpon cepat model bagus nyaman pakai,Puas
keren sih suka banget sepatu ukur nge pas banget sesak kaki gada puas banget,Puas
alhqmdullilah barng sesuai pesan,Puas
barang sesuai mantap kurir ribet maen titip warung aja,Puas
barang bagus ukur sesuai packing rapi barang terimakasih,Puas
mantapppppp,Puas
respon cepat barang bagus sayan jaitan ulur,Puas
keren sepatu,Puas
puas,Puas
mantap kualitas aadmin tolong besok kalok sen mbokya kasih bonus kaos kaki stiker mosok beli macem ngak kasih bonus,Puas
model keren ukur pas kaki,Puas
alhamdulillah ukur pesan ukur kaki pesan ukur alhamdulillah pas,Puas
tebal desain oke sesuai harga,Puas
good shoes,Puas
ukur serasa kak sempit,Neutral
mantul nyaman pakai harga murah,Puas
overall bagus harga gin masuk rang berat sepatu lumayan berat,Puas
sbnarnya puas packing,Puas
mantep bro spatunya anak suka,Puas
mantab keren ukur sepatu sesuai produk lokal kualitas global asli indonesia rekomen seller pokokmen juoss,Puas
sesuai ekspektasi harga gin kece parah sih,Puas
far oke produk,Puas
mantap sayang kotak rusak alhamdulillah bagus,Puas
proses kirim,Neutral
udh oke bobot aja koq berat,Puas
bagus worth,Puas
karna kirim gabisa ngasi bintang full,Puas
barang terima sesuai deskripsi packing rapih kirim cepat recommed seller sukses jualanya gan,Puas
sesuai deskripsi,Puas
mantap best value sepatu kokoh rapih elegan kardus aja penyok pas kirim isi,Puas
bagus keren model sol lebar cocok kaki lebar,Puas
pas kaki bahan lokal worth nyaman pakai,Puas
mantap keren,Puas
mantap,Puas
keren banget pas pakai anak,Puas
recomended,Puas
landing banjarmasin rada pake subsidi ongkir hehe smp sesuai pesan moga aja durasi pakenya,Puas
maaaaaaaaaaaaaaaannnnnnnnnntttttttuuuuuuullllllll,Neutral
cocok keren thanks min,Puas
dipake kantor kerja beli desain stok gak gak,Puas
sesuai pesan kirim cepat,Puas
bagus bener nyaman,Puas
model bagus,Puas
barang,Neutral
sesuai gambar katalog barang bagus puas next order produk thanks,Puas
lumayan bagus segi harga produk gak kecewa,Puas
bangga pake lokal gaes mantapp lahh,Puas
model keren ukur sesuai,Puas
sepatu keren nomer ngepres enak kalo pesan lebihin nomernya,Puas
harga murah murah mantap produk bagus pis,Puas
tingkat ukur asa desain udh,Neutral
mantap pokok barang keren,Puas
barang sesuai pesan terimakasih aerostreet,Puas
sepatu enak nyaman banget nyangka harga murah,Puas
barang sesuai order respon eksekusi satset,Puas
model bagus aja jahit,Puas
sayang ukur standard internasional standard internasional,Neutral
ukur sepatu sesuai sesuai gambar,Puas
gak ragu kualitas sepatu mantap harga wortit seller fast respon recomended seller,Puas
sepatu kondisi bagus nyaman pakai pass ukur kaki ringan kokoh asyik olahraga jalan jalan keliling kota model sederhana norak percaya kepercayaandiri recommended seller produk,Puas
sepatu bagus cuman lambat aja kurir,Puas
pas sesuai kaki,Puas
mantep asik puas ekspektasi cakep banget enak pakai nyaman canggih pokmen,Puas
bagus banget wlopun berat overall harga segitu thanks seller,Puas
bagus barang,Puas
kali beli sepatu aerostreet kecewa pesan ukur kirim kecewa,Tidak Puas
cakep kali beli alhamdulillah josss,Puas
bagusss model keren nyaman,Puas
bagus bahan keren model,Puas
prodak oeiginal kwalitas brg bagus thx tokped toko sukses sllu,Puas
barang warna emas norak bagus sepatu,Puas
espektasi epic seri riku beda logo lem mleber its,Neutral
lihat mahal keren,Puas
mantab sesuai pesan puas,Puas
barang oke rapi packing,Puas
sepatu bagus lumayan dipake enak worth,Puas
recommended banget gak kecewa tips pilih nomor nomor sepatu beli ukur nomor cocok banget sempit plus nyaman empuk,Puas
barang sesuai thx toko,Puas
cakep bner dah ukur pas saran beli naikin size kalo pake beli,Puas
nyaman pakai bagus warna kualitas jahit rapi titik tolong rapiin biar suka beli terimakasih,Puas
nyaman trendy kirim cepat kualitas premium,Puas
model keren bagus nyaman pakai,Puas
barang over all bagus kirim lumayan,Puas
barang sesuai,Puas
kali beli sepatu warna minat dsni,Neutral
mantap,Puas
mantap,Puas
bagus barang sesuai ekspektasi,Puas
barang hilang,Tidak Puas
trims seller,Neutral
alas warna kuning luntur kaos kaki putih,Neutral
sepatu bagus nyaman pakai,Puas
recomnded cancel proses pengirman admin,Neutral
salah kirim ukur ukur dikirm nnt jual org next tolong perhati terang beli,Tidak Puas
bahan model bagus nyaman cuman finishing cetak sol sisa jahit rapih,Puas
barang bagus sesuai proses oke,Puas
sen hitam putih abu dtg chat seller sdg dlm kirim jls notifikasi blm pickup kurir gmn produk lokal saing kalo kaya bgini jual,Puas
barang sesuai proses lebaran,Puas
sepatu bagus bekas lem rapi lihat krg bagus,Puas
pesan produk kirim produk dichatnya kaga bales kali beli dapet alam buruk,Tidak Puas
sesuai pesan pesan hitam emas krem hitam qualitas,Puas
order beli warna hitam putih nice try kardus rusak untung barang aman jahit,Puas
barang enak pakai cocok situasi,Puas
mantap sesuai pesan,Puas
dateng warna putih,Neutral
model keren bahan tebal pake lari berat panas,Puas
barang nyaman,Puas
kirim beli tanggal sampe ekspedisi tgl sampe tgl april gitu packing cman plastik tipis walhasil sampe konsumen packing hancur untung isi oke thanks,Neutral
sepatu bagus berat rapi finishingnya overall bagus sesuai harga,Puas
mantap gak salah belanja dimarih,Tidak Puas
kirim sesuai sen osaka hitam aero hoop,Puas
sesuai pesan gak kecewa belanja ragu order,Puas
duh nyaman bahan overall dah lumayan kirim monoton,Puas
size produk udah bener order warna hitam kirim warna putih gan,Neutral
spatu kecill ukur sya pake,Neutral
bahan oke pas ukur model suka sesuai deskripsi terima kasih,Puas
barang bagus sesuai skripsi sukses trus produk lokal indonesia,Puas
oke sesuai harga,Puas
ntabss,Neutral
model pas bagus sesuai deskripsi,Puas
ukur pas model keren lokal gentar,Puas
bagus cepat pakai jne pakai sicepat,Puas
kece,Puas
great,Neutral
pas,Puas
kereen produk lokal kualitas bagus anak suka model terimakasih,Puas
mantul thanks seller thanks kurir moga sukses,Puas
mantappu,Puas
kirim super,Neutral
worth harga gin orang sepatu bagus,Puas
keren,Puas
murah bagus,Puas
mantap,Puas
bagus cocok aerostreet,Puas
nyaman ukur pas,Puas
bagus bagus bagus,Puas
model oke nyaman pakai sayang ekspedisi kirim oke kecuali ekspedisi,Puas
keren mantaaap lokal,Puas
deteksi kulaitas produk kirim cepat packaging aman moga awet,Puas
bekas jahit salah overall bagus nyaman pakai bwt outdoor ukur lumayan pas kaki,Puas
cakepp lebar pas nyaman terima kasih seller,Puas
sepatu bagus sayang jahit rapi,Puas
design bagus oke recomended bgt aktivitas,Puas
beli,Neutral
model sol lumayan bagus sesuai harga kirim yah,Puas
mantappo,Puas
kelas sepatu lokal tingkat finishing optimal ujung benang potong rapi ukur sepatu nomor insole oke kako pakai nyaman tempurung kak serasa mas akal ubah tali iya box sepatu packing mantap moga awet,Puas
sesuai moga awet,Puas
order,Neutral
bagus,Puas
model sih oke mutu oke sesuai harga,Puas
model keren bahan nyaman jahit rapi,Puas
mantap ngepas banget kaki saran beli kalo beli dinaikin ukur pakai ukur naikin ukur ngepas banget ukur kaki,Puas
bagus,Puas
kali nyoba sepatu aerostreet desain bagus moga tahan kuat bawa olahraga,Puas
ukur sesuai,Puas
model keren murah enak dipakeny moga awet,Puas
ukur berat sepatu,Tidak Puas
overal bagus harga murah kualitas murah jelek kirim minggu bet udah proses aja mohon tingkat,Puas
sepatu keren ukur pas puas belanja aerostreet,Puas
bahan nyaman model kualitas bagus produk lokal jahit rapi benang kirim cepat maju produk lokal,Puas
sempit ukur sepatu pakai,Neutral
model keren nyaman pakai seller ramah kurir cepat pokoke recomended dah,Puas
mantap,Puas
bagus terimakasih,Puas
empuk lentur sepatu,Puas
harga segitu lumayan anak sekolah kirim packing transparan tuju,Puas
bagus sesuau harga moga awet kali pake aero street terimakasih,Puas
sesuai ukur pas banget kaki mayan enak pakai makasih,Puas
terima kondisi kardus penyok kurir pabrik sepatu aman liat keliling sisa benang jahit salah contoh gambar coba kali pakai sepatu empuk aero foam kerja biarpun berat drpd pakai reebok tingkat kualitas produk lokal,Puas
bagus,Puas
sepatu bagus tingkat msih sisa benang gak rapi,Puas
model mayan bagus kualitas sesuai harga,Puas
pas dateng box utuh dalem bagus sih,Puas
barang aman,Puas
model keren bukti kwalitas awet bingitz langgan keluarga,Puas
mantapp bagus bgt sepatu,Puas
alhamdulillah barang cepat barang bagus model keren terimakasih,Puas
bahan ringan ukur pas sen ukur cool seller,Puas
model keren sol tebel bgt pas make ukur aman gede dikit minus sih cmn bbrp helai kain nempel sol putih sulit cabut sisa mah aman jaya,Puas
alhamdulillah bagus banget mudah awet,Puas
mantappp,Puas
top class,Puas
kirim cepat packing rapih,Puas
okeh bocul sukak,Puas
barang sesuai cepat bahan bagus nyaman,Puas
produk bagus gitu stock susah release produk borong reseller,Puas
model keren sol kuat alas kaki tebal hrg masuk,Puas
belanja kali beli aerostreet model keren seller responsif moga awet terimakasih gan,Puas
sesuai,Puas
bahan bagus sol empuk samping sempit ukur kaki pas iya mohon tingkat kualitas lubang tali tembus posisi lubang pas signifikan tipe kaki lebar pesan ukur sepatu pakai sesak terimakasih,Puas
muas kecewa barang tang,Tidak Puas
paket terima kirim terlamnat bbrp estimasi wktu over all sih terima kasih,Puas
produk bagus lokal kualitas layan kirim proses packing paket ambil kurir,Puas
bagus sesuai harga,Puas
salah kirim tuker respon jual ramah,Tidak Puas
mantap harga segitu lumayanla dpt sepatu ambil model,Puas
sesuai,Puas
repat order oke maaf foto gak telat bikin ulas sepatu cuci,Puas
sol sepatu tebal,Neutral
model keren mantap,Puas
oke mantap,Puas
kualitas bagus detail benang outsole,Puas
aerostreet,Neutral
alhamdulillah sepatu model keren ukur pas nyaman pakai anak suka order kali terimakasih seller kurir,Puas
keren abis local pride,Puas
gak kecewa beli aero street tali belah maju product lokal,Neutral
barang,Neutral
paket darat keren abis bahan tebel empuk,Puas
mantaps,Puas
barang bagus packingnya perhati,Puas
kualitas barang bagus adminnya bingung kalo proses tunggu kurir makan kerja pas kasih sesuai kaya ditutupin,Puas
sepatu berat,Tidak Puas
barang aero street kualitas,Puas
mantaap,Neutral
sepatu bagus model okeee enak pakai kualitas mantaapppp trims,Puas
model keren sesuai gambar sol empuk nyaman moga awet,Puas
barang sesuai pesan bagus kirim cpt makasih seller,Puas
telat pickup untung brg sampe selamat kualitas aerostreet ragu bintang bicara,Puas
oke sepatu mantap,Puas
bagus kualitas,Puas
barang bagus kurir sicepa jelek minggu,Neutral
baguss bangett realpict empuk nyaman pakai sol the best pokok,Puas
blm coba moga awet,Puas
barang kualitas bagus desain tarik suka banget pokok aerostreet,Puas
surprisingly nice harga nyaman pakai perhati qcnya bekas potong jahit biar rapi,Puas
aerostreet emang keren wes juossss,Puas
sepatu bagus sayang kirim lamaaa,Tidak Puas
local pride kualitas jos,Puas
keren,Puas
sepatu lokal order,Puas
barang bagus recommend banget,Puas
nyaman model bagus suka,Puas
pengirman sampenya pakai asuransi resi cantum asuransi kirain pakai asura cepat batas,Puas
mantap puas terima kasih,Puas
model keren seh murah gak murah,Puas
bagus cakep bgt nyaman bangga produk negeri gak kalah sepatu juta,Puas
nyaman pakai giat kasual olahraga mesti nyaman berat kecuali lari pakai lari latih tingkat durabilitas pace lari,Puas
mantap sesuai ekspektasi,Puas
oke sepatu enak pas kaki sol empuk tali pendek problem overall nice shoes,Puas
model keren pas kaki nyaman dipake bahan tebal gerah bngt,Puas
barang bagus jaya produk lokal,Puas
barang kirim ongkir bayar tugas aja ongkir,Neutral
topppp banget,Puas
barang lokal murah barang gak lolos tetep jual pesan rapih habis kena zonk reject sisa benang potong rapih tinta bekas tanda logo logo miring fatal gak tau pakai gak,Puas
mantab,Puas
anak suka,Puas
kirim cepat mantab,Puas
beli kirim cepet banding beli kirim sampe kesel sih udh,Neutral
barang sesuai order bahan bagus model keren,Puas
jossss,Puas
barang bagus sepatu rill,Puas
pas ukur,Puas
lokal terbaikss,Puas
bagus keren,Puas
barang sesuai deskripsi respon jual kualitas nyaman moga awet,Puas
beli hitam kirim abu,Neutral
model designnya keren bahan nyaman gak panas ukur pas cutingan jahit perhati packingan nyak penyok benda fragile dri segi harga ramah dompet model sepatu kyk gin top product top seller,Puas
ukur pas pokok blanja toko kecewa,Puas
nyata barang sesuai emang inject sol lentur bagus,Puas
masak iya belah kanan presisi beda banget belah kiri tolong aerostreet perhati tulis catat sbelum kirim cek gin mikir beli produk aerostreet,Tidak Puas
bagus thanks,Puas
pes osaka brave kepake untung muat kaki adek kecewa sepatu,Tidak Puas
cakeep moga tahan sepatu seller konfirmasi barang,Neutral
mantap,Puas
pas bagus harga murah utk kualitas kece,Puas
mantap sesuai harga kalo kaki karna lumayan nusuk kaki nyaman pemakain keep the good work,Puas
sepatu oke kurir lelet,Neutral
sepatu gaada emg aerostreet the best cuman ekspedisi tokopedia ngaco aja masak paket udh buka buka tolong ekspedisi kmarin sempet ambil paket next day nyampenya kayak regular sicepat lambat,Puas
warna tapak beda gambar,Tidak Puas
bagus ukur,Puas
kirim batas paket bubble wrap jdinya terima box penyok,Puas
warna sesuai gambar gambar hitam putih hitam bles gapapa,Puas
order sesuai barang kualitas sesuai harga lokal brand kirim mohon perhati minggu barang terima,Puas
sepatu darat keren sesuai gambar moga awet terimakasih,Puas
sempiiiittt ketat kek sempak sek banget kaki bangkek cewe pake sepatu udah naikin tetep saran beli sepatu aerostreet ambil ukur biar nyesel kayak kasih bintang krna packingnya remeh banget bungkus plastik tipis gampang koyak sampe kotak sepatu penyok,Puas
bahanya bagus nyaman banget model keren dipake sekolah olahraga,Puas
mantap pokokne saran aja biar benang bordir dirqpikan,Puas
keren sepatu,Puas
sepatu beratt beban hidup,Tidak Puas
mantaps barang bagus harga rekomendasi saing produk,Puas
bagus jahit rapi,Puas
beli bagus kirim lumayan cepat tingkat karna sisa sisa benang rapi bagus,Puas
barang recomended produk lokal kalah produk impor,Puas
bahan bagus nyaman banget model ukur pas good quality product,Puas
barang sesuai deskripsi packing kirim lambat,Puas
seler proses kirim mohon ekspedisi update ulang ekspedisi sedia daerah utama jawa mohon aktif jne aja,Neutral
overall bagus box sepatu rusak gpp sepatu mulus cheers,Tidak Puas
kirim,Neutral
bahan bagus apik lmyn empuk mksh,Puas
bagus suka moga awet,Puas
barang sesuai gambar deskripsi anak enak pakai moga awet thanks,Puas
mantap sepatu biar harga miring kwalitas mantaaap kaliii,Puas
pulang sepatu deliverynya,Neutral
keren nyaman pas ukuranyya,Puas
kkuran pas cumam kirim,Puas
banget terima resi tuju wakytu minggu,Neutral
keren murah murah sol empuk nyaman moga awet mudah nomor gede ready stock,Puas
local pride,Puas
barang muas kesel jasa kirim sepatu pas banget,Puas
barang banget rekomended seller saran cari kurir donk estimasi tanggal desember barang tanggal januari gak keren kurir,Puas
mantap pkoke bos,Puas
cocok pakai,Puas
sepatu keren warna pas hadiah utk istri ken sepatu,Puas
sukak,Puas
barang nyangkut kurir alhamdulillah refund anteraja,Puas
model keren bahan berat ukur kaki ambil,Puas
local pride,Puas
bagus moga awet,Puas
ekspektasi,Neutral
pas alhamdulillah,Puas
ukur sesuai pesan barang bagus kualitas bagus,Puas
keren nyaman pakai,Puas
barang aman kualitas bagus banget harga segitu plus produk lokal,Puas
mantap,Puas
ukur kalo order biar sdkit klo sesuai pakai ngepas bgt cenderung sempit,Puas
sipppp,Puas
enak pakai nyaman,Puas
ukur lbih size sepatu merk,Neutral
bingung kasih bintang kurir kayak bekas lem cetak rapi maaf paham nyata sepatu berat pakai lumayan nyaman potensial produk saran mending harga detail makasih aerostreet kardus sobek barang aman wajar kirim kurir mudah kasih bintang tulis wajar harga gin gambar janji ekspektasi semangat aerostreet,Puas
mantap sekaliii sesuai harga,Puas
keren barang bagus mantap,Puas
batal tolak status konfirmasi gilir toko ganti nomer liat malesnya emang stocknya,Tidak Puas
madep pis aerostreet kalo leopard hitam emas udh ready stok order anteraja baik,Puas
barang bagus banget kualitas export,Puas
bagus cocok cepat,Puas
kereeeeeennnnna,Neutral
sepatu keren nyaman lolos jelek samping kiri sepatu kanan,Puas
bagus bgt serba rapih sampe jaitannya suami suka,Puas
barang sesuai pesan bahan bagus model keren,Puas
barang bagus pengirimann banget pake sicepattt pdhal kota,Puas
mantab bagus bahan,Puas
baguussss,Neutral
tingkat terima kasih,Puas
sepatu bagus real pict size sesuai pesan poko jgn ragu beli,Puas
cakep sih,Puas
belanja klu sepatu,Neutral
kirim paham beli pas size toe box ngepress lebar build quality mantap insole empuk overall muas next akomodir size,Puas
packaging rapih plastik mudah sobek kardus mudah basah hujan sepatu mantap minus,Puas
beli model riku size nyata build tetep mantep desain oke nyaman pakai moga awet kayak,Puas
bintang,Neutral
terima kualitas bagus,Puas
repeat order enak pakai,Puas
bagus,Puas
tingkat hayoooo,Neutral
bintang aja bintang cacat produksi minat udah turun,Tidak Puas
model keren pas kaki barang darat aman saran aja aero street mohon kasih packing bubble wrap hindar kondisi sepatu ringsek akibat terhimpit paket brand udah udah nama loyal customer packing bubble isnt big deal right thank you aerostreet,Puas
udah kaga tau ngomong inti the best banget,Puas
mantep,Puas
siiip barang udh dateng lihat kokoh pas pake enak emangg,Puas
outsole insole empuk licin pakai lantai basah terimakasih,Puas
mntap terimakasih,Puas
bahan model oke size sesuai kirim sesuai estimasi mantap,Puas
sesuai pesan,Puas
nyaman ukur pas nggak pengap,Puas
sepatu belah kiri tekuk utk tumit,Tidak Puas
mantep sih worth harga segitumah udah nyaman stylish pakai pas pakai rada berat outsolnya sih,Puas
oke mantap,Puas
lokal gentarrr maju terusss,Puas
bahan bagus model keren anak suka order kosong,Puas
barang bagus kirim lumayan estimasi tgl sampe tanggal sore,Puas
model kerenn pass kaki nyaman,Puas
sepatu empuk nyaman kaki,Puas
keren sih enak,Puas
sepatu bagus berat sol empuk worth harga,Puas
sesuai bgt foto sol empuk moga awet nyaman beli ukur krna sempit,Puas
bagus salah beli ukur,Tidak Puas
barang terima sesuai pesan sepatu lihat kokoh moga awet,Puas
barang sesuai tolong cek benang halus susah sih krna kena lem,Puas
harga udah finishingnya rapih utama jahit sisa benang potong noda packing ala kadar box sepatu plastik hitam packing dapet plastik bening wraping box sepatu sticker fragile pas dateng boxnya penyok,Puas
one the best value for money shoes,Puas
coba nang sesuai skripsi,Puas
berat oke harga gin,Puas
model kereng,Puas
mantap bgt realpict produk model keren nggak kecewa pokok keren kerenn kirim cpt bgt recommended pokok,Puas
ukur,Neutral
model alay finishing bagus nyaman pakai staylocalpride,Puas
good product and fast delivery,Puas
mantaaaaappppppp,Neutral
oke mantap sesuai deskripsi,Puas
sepatu mantap model kuat blm coba,Puas
mantap kirim cepat,Puas
barng dah pas kaki adk pngirimn cepat pking mantap bahan ori size kurng dikit,Puas
sepatu kerenn cocok dipake suasana,Puas
barang sesuai pesan,Puas
sepatu bagus kuat sol bawa berat klo banding sepatu merk,Puas
bagus barang,Puas
mantaaap keren pokok beli sekian makasih yaaa,Puas
model bagus sol tebal licin keren harga under,Puas
barang keren jual keren,Puas
model bagus finishing jahit rapi,Puas
sepatu rebu wow anjay keren bet nalar coy,Puas
fast respon admin ramah packaging rapi udah kali order nyesel puas recomended,Puas
barang sesuai pesan recommended seller,Puas
udh beli sekian kali produk aero street kualitas tetep oke harga jangkau jahtan rapih ukur pas nyaman pakai bikin lecet,Puas
barang sesuai dah kali beli paking mohon barang sampe kardus penyok niat ngadoin orang aga srek aja klo dus penyok,Puas
mantab,Puas
pesan sesuai ekpentasi harga murah murah lokaltakgentar,Puas
bagus mesti nomor ukur sepatu biar cocok pakai,Puas
pesan terimakasih naikin kaki ukur sepatu pakai model sepatu kaya gin sempit ujung kaki,Puas
keren,Puas
mantap,Puas
sekian beli salah kirim produk lanjur percaya gak salah ehh nyata salah kirim return gak gak video unboxing,Tidak Puas
keren,Puas
jahit sisi tali sepatu lepas kali beli dapet sepatu aerostreet gin,Puas
joss pokok,Puas
keren,Puas
barang telat produk muas,Tidak Puas
sepatu ukur beli sepatu merk ukur pas pakai kaki mohon info kali beli sepatu kaos tukar terima kasih sukses,Puas
bagus,Puas
suka model ukurn pas,Puas
mantap,Puas
mantaapp empuk pakai nyaman pokok kerennnnn anak suka banget moga awet,Puas
sepatu mantap nyaman pakai warna keren padu hitam putih keren bangga produk lokal,Puas
mantep banget ayah suka girang kasih aerostreet speechless liat ekspresi,Puas
ukur sesuai proses cepat sepatu,Puas
jahit blm rapi hrga segitu udh oke,Puas
pas nomor seller amanah tolong kerja karyawan packing dperbaiki barang keliru nomor,Puas
well buid bagus sol tebal model keren ulas kalo jahit rapi smg benah overall sih harga ekspektasi good job aerostreet,Puas
baguss,Puas
sepatu keren sesuai jargon lokal gentar ekspedisi transaksi nyampai barang ditracking nyata barang nyantol gudang ekspedisi sukoharjo,Puas
ukur pas,Puas
terima kasih barang sesuai skripsi,Puas
sesuai pict istimewa ori lokal ukur cocok pakai insol empuk pakai kuning,Puas
terimakasih,Puas
kualitas juaraaa harga rakyat,Puas
bangga pakai produk lokal,Puas
produk ori sol empuk,Puas
sepatu berat sol gak licin lentur jahit bagus tapak kanan kiri sesuai nyaman pakai,Puas
bagus sepatu size sesuai pesan trimakasih,Puas
barang sesuai pesan terimakasih,Puas
bagus,Puas
kirim oke fast respon sayang sepatu benang lepas,Puas
model keren pas kaki the best aerostreet kurir sesuai estimasi kirim,Puas
emang beneran presisi alias gak ujung kanan kirim cuy buyer suruh langsung investigate ekspedisi yuk tim official aerostr,Neutral
bagus,Puas
barang bagus ukur sesuai deskripsi pakai nyaman,Puas
sip sesuai pesan model bagus,Puas
sellers gercep barang sesuai deskripsi terimakasih,Puas
model bagus barang sesuai pesan good,Puas
kualitas sih udah bagus harga segi packaging sih bungkus plastik tipis doang,Puas
pas ukuranya kualitas mudah awet sayang berat,Puas
gerah berat sih,Tidak Puas
model keren nyaman pakai fast respon jual,Puas
kerenlahh pokok,Puas
beli aerostreet ukur pas beli ukur sempit pakai kaki sakit,Neutral
mantap keren model sesuai ukur,Puas
lihat kuat finishing aja,Puas
mantap,Puas
sepatu aerostreet sepatu mantab sesuai ukur enak pakai moga aerostreet maju kembang now everyone can buy good shoe,Puas
kirim cepat barang sesuai top,Puas
respon seller cepat jahit rapi bahan,Puas
benang rapih liat sepatu gak jari lengkung lancip tumpul,Puas
question aerostreet mah bahan jahit bagus mending beli merkmerk,Puas
lumayan bagus kwalitas sesuai harga,Puas
bagus sesuai pict,Puas
keren kuat mantul,Puas
kirim cepat nomor sepatu sesuai pesan moga awet thanks seller,Puas
nyaman,Puas
lumayan sepatune mandan abot sehh,Puas
bagus produk,Puas
enak dipake,Puas
bagus banget sukses trs aerostreet,Puas
bagus bangettt ukur pas,Puas
good,Puas
jujur kecewa beli sepatu ukur deskripsi produk nggak sesuai ukur sungguh beli ukur pakai diadora uku,Puas
kualitas premium harga ribu model ukur habis koleksi patut aerostreet,Puas
anak suka dipakenya ringan ukuranya pas,Puas
keren banget,Puas
model keren nyaman kaki gak berat cocok kaki lebar,Puas
siip,Neutral
mantep sepatu kaya sepatu ekspektasi harap nyata keren pesan malem besok siang sampe bungkus paket aman plastik tipis,Puas
good,Puas
keren sepatu kokoh liat banget sepatu sol kuat model bagus kaya merk favorit nih,Puas
cocok utk anak model keren tahan,Puas
bagus benang lihat,Puas
pas ukur bagus sepatu,Puas
sepatu bagus banget,Puas
manusia sempurna,Puas
keren lokal pride sesuai aja budget thanks,Puas
bagus sepatu cuman ukur ngepas toleran nomor rekomend bagus spatunya,Puas
lumayan harga segitu,Puas
bagus sepatu,Puas
lumayan jahit sepatu miring,Puas
desain keren,Puas
sayang bgt klo ukur susah sesuai pas coba rada tuker size gak terima klo gue sih kasih bintang klo klo tukar size,Puas
barang oke loh,Puas
packingnya kondisi buka barang kondisi makasih,Puas
mantapp,Puas
barang oke banget moga awet hajar kerja berat haha,Puas
packing aman barang kondisi bagus proses cepat kurir ramah terima kasih,Puas
panas kualitas mantab complain desain keren mantap model bahan kualitas ukur sesuai packaging aman packaging rapi sepatu nyaman,Puas
sbnrnya kecewa krna packingnya rapih pdhal udh chat utk rapih alhamdulillah isi aman saran packing lbih rapih aman,Puas
kualitas,Puas
oke,Puas
sepatu nyaman ukur sesuai,Puas
mantap model ukur sesuai,Puas
harga murah dapet barang bagus puas,Puas
barang kualitas harga,Puas
mantap,Puas
bagus sesuai,Puas
barang bagus kualitasbagus kerja rapi respon jual bagus kirim pakai anter aja bagus tgl aug barang cabang bawa kurir tgl sep rumah kecewa expedisinya jual bagus,Puas
barang sampe mslh kirim ksh bintang proses refund tokped,Puas
istimewa,Neutral
kece banget sih sepatu sesuai ukur dateng,Puas
perhati plis simetris jahit rapi mantapp,Puas
mantap mantap mantap mantap mantap mantap mantap mantap mantap mantap mantap mantap mantap mantap mantap mantap mantap mantap mantap mantap mantap mantap mantap mantap mantap mantap mantap mantap mantap mantap mantap mantap mantap mantap,Puas
mantap ukur mas pas mudah kualitas bnrn tahan,Puas
barang sampe selamat aga its thanks,Puas
barang bagus kirim cepat,Puas
pesan kualitas bagus mantuuuuullll,Puas
empuk panas layak utk harga gin mantap,Puas
respon seller cepat kirim cepat barang sesuai pesan recomend seller,Puas
alhamdulillah belanja toko sllu puas sepatu bagus sesuai deskripsi next time order toko,Puas
desain keren mantap model,Puas
makasih barang terima,Puas
gak muat bokap muat nyokap wkwkwkwk rejeki nyokap thank aerostreet,Puas
pass mantap,Puas
layan cepat muas,Puas
jahit rapih cuman nggk nyangka ukur sepatu dri,Puas
mantap,Puas
sepatuya bagus keren layan,Puas
bagus sayang outsole putih gampang nempel kotor lbh aman outsole hitam outsole putih lengket,Puas
mantap berat merek asa kokoh,Puas
bagus,Puas
desain keren sepatu nyaman mantap model jual ramah banget proses pesan cepat respon jual top benang nyrabut overall bagus harga segitu tinggal cek tahan aja,Puas
ukur salah,Tidak Puas
kali beli ukur pas beli ukur trnyta pdhl sepatu pas pakai ukur,Puas
bagus,Puas
barang okee moga awet ukur saran ambil ukur mending ukur pass good,Puas
kereeeennn puas banget dah beli nich sepatu anak suka,Puas
kecewa belanja puas produk sesuai pesan proses order cepat layan prima terima kasih,Puas
paking coba,Neutral
lokal kalah,Tidak Puas
harga kaki kualitas bintang moga sepatu awet,Puas
desain keren packaging aman,Puas
kualitas layan aerostreet nggak ragu,Puas
nyampe besok langsung pake kesan ktika nrima paket berat nyata pas dipake nyaman overall wort harga gin smoga aerostreet smakin kembang hasil produk berkuslitas bangga make produk lokal kualitas,Puas
produk aerostreet kecewa,Tidak Puas
sepatu nyaman,Puas
moga awet,Puas
beli produk lokal kalah impor harga jangkau tahan,Tidak Puas
beli pas bangett puas lahh belanja next order,Puas
bungkus plastik sepatu buka,Neutral
mantuulll,Neutral
barang sesuai deskripsi kirim,Puas
sesuai moga awet,Puas
sesuai sen,Puas
barang sesuai pesan nyata size sepatu size pakai moga nyaman aman awet pakai,Puas
bagus sepatu murah kualitas oke mantapp,Puas
keren benang ujung jahit rapih detail,Puas
fast respons fast delivery order good seller,Puas
mantap bagus,Puas
kualitas bagus harga jangkau,Puas
sepeda nyaman bgt orang sih sepatu awet mari bukti,Puas
mantap,Puas
mantap asa empuk pakai,Puas
barang oke cuman msih bnyk bekas benag jaitannya lepas,Puas
center kak,Neutral
mantap kali beli keren empuk moga awet next repeat order cek etalase barang keren note telapak kaki ambil ukur terimakasih,Puas
ukur kaki pas sepatu ukur kondisi sepatu oke empuk,Puas
keren banget puas beli aerostreet,Puas
jaitan benang sepatu rapih aja gunting rapihkan oke,Puas
sepatu berat ukur rada ukur sepatu pakai,Tidak Puas
miring kak,Neutral
mantap sepatu nyaman desain keren,Puas
sesuai ekspektasi,Puas
kualitas bagus harga murah sayang kirim kurir,Puas
sepatuny bagus banget harga gin lawan maju aerostreet sol warna kuning gitu bnangny blom cut moga,Puas
bagus,Puas
desain keren sepatu nyaman proses pesan cepat,Puas
mantap,Puas
puas produk anak bangsa value for money kwalitas beli recomended,Puas
fast respon barang keren,Puas
mantap,Puas
tolong ketat teliti,Puas
sesuai deskripsi barang bagus harga jangkau kirim cepat,Puas
barang sih oke cuman kirim lumayan,Puas
maaf kemarin pencet,Neutral
official store gapernah gagal salah enak dipakee,Tidak Puas
mantul empuk alas,Puas
gooooooooooooooddddddddddd gan barang,Neutral
barang selamat cuman kardus sobek dalem aman beli produk sepatu muas,Puas
rapi dikit bgtt,Puas
sepatu bagus kirim,Puas
sepatu nyaman ukur sesuai produk sesuai gambar recomended,Puas
barang sesuai iklan nyaman pakai moga awet,Puas
sepatu nyaman mantap model desain keren ukur sesuai bahan kualitas proses pesan cepat,Puas
salah ukur bikin bingung terang ndak tulis standar eur tinggal beli ukur kasi ponakan,Tidak Puas
pesan dtg tukar pake ribet,Neutral
perdana beli aerostreet referensi teman nyata quality very good very recommended stars for you,Puas
barang sesuai harga respon cepat top seller,Puas
sygnya jarang stock,Neutral
quality tingkat barang reject defect jual konsumen btw maju industri lokal indonesia,Puas
mantap model desain keren proses pesan cepat,Puas
bagus,Puas
respon seller sepatu mantap,Puas
empuk,Puas
sepatu bagus coba kondisi tuker nomor sesuai toko belah mengakomodir tuker sesuai,Puas
kualitas oke bangeett,Puas
oke,Puas
mantap,Puas
model sepatu keren kayak sepatu mahal,Puas
apikk,Puas
udh beli jenis sepatu dri aero mantap,Puas
cacat jahit rapi lidah sepatu tolong tingkat kualitas harga karyawan pabrik return,Tidak Puas
mantap recommended,Puas
lumayan asa bagus sepatu sayang jahit mana moga cepat sobek,Puas
ntah sepatu gak muat sesuai deskripsi pakai,Puas
kardus penyok barang aman kualitas bagus moga awet,Puas
terima sesuai pesan,Puas
kirim cepat,Puas
bagus bekas potong benang gitu rapihin,Puas
sepatu lokal brand rekomendasi,Puas
barang ajibbb,Neutral
nyaman bagus keren bgt harga gak tau durability kali pake aerostreet moga beneran anti jebol,Puas
muas pantes nih saing produk negri,Neutral
barang cepet sampe sesuai deskripsi enak dipake,Puas
mantapp,Puas
ukur pas kaki sakit,Neutral
alhamdulillah sesui pesan cman insole nyata ngukur hehee,Puas
mantap barang muas,Puas
harga segitu bagus banget sepatu beli,Puas
weww keren brand lokal dirapihin aja jahit sankyuuuu,Puas
alhamdulillah pesan sampe moga awet,Puas
awet nyaman,Puas
mantap,Puas
alhamdulillah bagus ukur ukur normal biar nyaman rileks kaki,Puas
kirim klaten gunungkidul order proses kirim produk minus foto sepatu kiri presisi sole noda kuning sisa jahit rapi bintang produk lokal harga murah size pas mudah proses kirim cepat tingkat,Puas
keren abis sepatu,Puas
ank bilng bagus enak pake ukur masuk berdasarkn lebihkn pas kaki khawatir order anknya kkn cobain muat nggak,Puas
mantap sesuai harap,Puas
pesan tlah terima sesuai harap kirim cepat recomended seller thanks,Puas
cacat titik sol,Tidak Puas
bagus,Puas
kualitas bagus sesuai bonus tokoed,Puas
barang original,Puas
rekomended bagus rapih murah,Puas
keren,Puas
mayanlah,Neutral
bagusss sesuai deskripsi,Puas
bagus,Puas
jossssssss terimakasih,Puas
nyoba aerostreet mantapp pake pake pas good job,Puas
sepatu nyaman bahan kualitas mantap model,Puas
mantul gan,Puas
sepatu nyaman ukur sesuai proses pesan cepat packaging aman respon jual top packaging rapi jual ramah banget bahan kualitas desain keren mantap model,Puas
sesuai pesan cip hdi,Puas
beli sekian kali aerostreet emang top,Puas
moga awet,Puas
bagusss,Puas
mantaf,Neutral
barang cakep sesuai display deskripsi respon cepat kirim cepat overall puas lapak rekomended,Puas
mantap model,Puas
alhamdulillah brg darat mulus kalo beli ukur nomor terimakasih,Puas
desain keren mantap model packaging aman,Puas
alhamdulillah paket selamat pakai jogging sepatu nyaman empuksepatunya nyaman desain keren bahan kualitas,Puas
desain keren mantap model packaging aman,Puas
keren original,Puas
aerostreet hati produk kualitas harga jangkau negeri kualitas internasional ukur sesuai mantap model sepatu nyaman proses pesan cepat packaging aman bahan kualitas packaging rapi respon jual top desain keren,Puas
barang pesan hadeuh,Neutral
pdahal bagus engga dituker,Puas
pas kaki mantap moga awet,Puas
sepatu nyaman mantap model desain keren bahan kualitas ukur sesuai jual ramah banget packaging rapi packaging aman respon jual top proses pesan cepat,Puas
mantap nyaman sepatu nyaman pemrosesan produk cepat,Puas
barang bagus kirim size sepatu ngepress jempol kaki asa sakit,Puas
barang bagus cacat dus penyok plastik dus sobek saran perhati packingnya,Tidak Puas
model bagus gak ngecewain top dah,Puas
puas sepatu pas dipake nyaman banget kaki,Puas
terima kasih packing aman lap plastik lokal rapi lumayan utk gonta ganti olahraga sizenya banding ukur standar sepatu olahraga pakai sengaja beli ukur lbh nyaman,Puas
kualitas sesuai harga banget,Puas
mantap barang bagus udah beli,Puas
lokal brand cepat kirim,Puas
barang bagus,Puas
good,Puas
moga harga,Neutral
barang sesuai order packing rapi thanks,Puas
barang selamat packing amannn kirim cepat ukur doang kecilll maaf foto beda inti aerostreet mah udah jdi sepatu andal inti ragu beli disiniiii aja puas beli disiniii tengkyuuuuu maaf kasih ulas sing barang bagus,Puas
kualitas bagus harga murah keren banget pokok,Puas
barang sesuai pesan,Puas
bagus mantap pesona,Puas
makyoss thx aerostreet,Neutral
produk lokal kualitas internasional moga awet,Puas
mantap kualitas ragu naikin ukur biar pas,Puas
bagus ukur sesuai,Puas
sepatu nyaman desain keren mantap model ukur sesuai,Puas
proses kirim cpt model bagus bahan sol berat mudah timbul bau kaki pakai,Puas
ukur sesuai proses pesan cepat,Puas
sepatu nyaman mantap model ukur sesuai bahan kualitas,Puas
sen osaka hitam emas dtngnya hoops low series,Neutral
bagus greatsepatunya nyaman desain keren mantap model jual ramah banget packaging aman respon jual top ukur sesuai bahan kualitas,Puas
sepatu nyaman desain keren pakai kendala size bgt packaging aman klo kasih plastik biar cma kadus doang mantap,Puas
mohon teliti salah terima kasih,Tidak Puas
sepatu nyaman ukur sesuai desain keren mantap model,Puas
beli puas kualitas bagus harga murah,Puas
desain keren,Puas
alhamdulillah kali amanah packing bagus rapi delalahe karduse apik ora koyo biasane uwekan sepatune sepatu premium sayange admin fast respon dadi koyo seng meh golek hadiah rodo muring mergo suwe banget leh balesi serius takon ning teko dimbarke sek kirim oke gagal pas pick but far good moga benah internal nggeh biar fast respon kirim sesuai maturnuwun,Puas
pas ukur model bagus mantap,Puas
sepatu nyaman mantap model desain keren ukur sesuai jual ramah banget bahan kualitas packaging aman proses pesan cepat packaging rapi respon jual top,Puas
desain keren ukur sesuai,Puas
sepatu nyaman mantap model desain keren ukur sesuai bahan kualitas jual ramah banget proses pesan cepat packaging aman packaging rapi respon jual top,Puas
ukur sesuai packaging rapi,Puas
sepatu nyaman mantap model bahan kualitas ukur sesuai,Puas
sepatu nyaman mantap model ukur sesuai desain keren bahan kualitas proses pesan cepat packaging aman,Puas
sepatu nyaman mantap model bahan kualitas,Puas
mantap model bahan kualitas desain keren ukur sesuai packaging rapi,Puas
kualitas barang bagus sellernya ngopi sen kirim untung udah kirim,Puas
kerennnnnnnnn sepatu nyaman,Puas
sepatu nyaman ringggggggan desain keren mantap model proses pesan cepat ukur sesuai packaging rapi moga awett yaaa,Puas
beli bintang bicara,Neutral
aaa suka,Puas
desain keren,Puas
sepatu nyaman desain keren mantap model jual ramah banget packaging rapi ukur sesuai bahan kualitas packaging aman,Puas
sepatu nyaman bahan kualitas proses pesan cepat mantap model sayang ukuranya pas beli ukuranya,Puas
desain keren,Puas
keren parah sepatu nyaman banget dipake sempet bimbang beli warna hitam putih beli warna hitam gak kecewa aerostreet resale collabs bareng swallow kemarin tinggal cepet banget ludes hehe,Puas
beli produk gak kecewa rekomended kualitas harga murah merk tara sepatu nyaman desain keren jual ramah banget proses pesan cepat mantap model ukur sesuai bahan kualitas packaging rapi respon jual top packaging aman,Puas
mantap model desain keren sepatu nyaman ukur sesuai,Puas
desain keren sepatu nyaman mantap model jual ramah banget bahan kualitas,Puas
barang sesuai harga,Puas
sepatu nyaman desain keren desain keren jual ramah banget ukur sesuai mantap model bahan kualitas packaging rapi packaging aman respon jual top proses pesan cepat,Puas
desain keren ukur sesuai mantap model,Puas
mantap model sepatu nyaman bahan kualitas,Puas
sepatu nyaman mantap model,Puas
barang selamat kualitas sesuai ekspektasi udh bagus bgt harga,Puas
desain oke sepatu nyaman,Puas
kali belanja puas kecewa produk bagus kaos sepatu terima kasih,Puas
desain keren,Puas
ngecewain cocok acara resmi olahraga,Puas
sepatu nyaman desain keren mantap model jual ramah banget bahan kualitas ukur sesuai proses pesan cepat packaging rapi packaging aman,Puas
sepatu oke banget pakai ukur pas pakai kaos kaki kalo sempit pakai kaos kaki oke banget kirim cepat drpd estimasi thank seller,Puas
foto ukur sesuai gak kecewa,Puas
sepatu nyaman desain keren ukur sesuai proses pesan cepat,Puas
sepatu nyaman,Puas
jual ramah banget ukur sesuai packaging rapi,Puas
bahan kualitas okedeh nggak papa,Puas
sepatu nyaman mantap model desain keren ukur sesuai bahan kualitas jual ramah banget proses pesan cepat packaging aman packaging rapi respon jual top,Puas
mantapppp kepakek size berhububg kosong ambil size nyata muat gak kereeen,Puas
lumayan bagus sepatu,Puas
ukur sesuai respon jual top,Puas
value for money sayang,Neutral
sepatu nyaman desain keren,Puas
koq item,Neutral
bahan kualitas,Puas
sepatu nyaman desain keren mantap model ukur sesuai,Puas
barang oke sepatu nyaman mantap model desain keren bahan kualitas respon jual top kurire sesuai alamat kirim,Puas
sepatu nyaman mantap model desain keren bahan kualitas syng packing alakadar,Puas
salah gimana foto testi hitam putih emas hitam hitam emas moga next overall oke sepatu nyaman ukur sesuai,Puas
mantap model,Puas
desain keren jual ramah banget ukur sesuai sepatu nyaman proses pesan cepat packaging aman bahan kualitas packaging rapi mantap model respon jual top,Puas
plastik buka boxnya rusak isi gapapa yaudah gapapa tes pake doang rumah insolenya enak empuk asa nyaman desain keren overall oke banget sih,Puas
respon seller cepat kirim standar minus emas plastik packing transparan size sesuai,Puas
packaging aman,Puas
bagus anak suka terima kasih,Puas
desain keren sepatu nyaman ukur sesuai mantap model proses pesan cepat cinta produk negri beli made vietnam china,Puas
desain keren sepatu nyaman pakai ukur ukur asa enak proses pesan cepat bahan kualitas,Puas
desain keren sepatu nyaman mantap model,Puas
ukur sesuai desain keren,Puas
siiip sesuai terima kasih udh sekian kali barang slalu bagus hrga murce bnyk pilih moga banyakin stok banyakin pilih jarang sepatu murce kualitas mantab,Puas
sepatu nyaman mantap model desain keren ukur sesuai bahan kualitas,Puas
sepatu nyaman desain keren ukur sesuai bahan kualitas proses pesan cepat packaging rapi mantap model,Puas
debes pokoknyasepatunya nyaman desain keren bahan kualitas,Puas
desain keren mantap model packaging aman bahan kualitas ukur sesuai proses pesan cepat jual ramah banget respon jual top,Puas
sepatu nyaman,Puas
mantap gan,Puas
aerostreet emang kecewa sih emang the best shoes ever kelas harga murah kualitas murah sepatu nyaman desain keren mantap model jual ramah banget bahan kualitas proses pesan cepat respon jual top,Puas
sepatu nyaman ukur sesuai,Puas
sepatu nyaman mantap model jual ramah banget desain keren bahan kualitas ukur sesuai,Puas
manteep,Neutral
sepatu nyaman bahan kualitas proses pesan cepat,Puas
mantap sepatu,Puas
gak sesuai pesan hitam putih kirim hitam tolong teliti barang sih oke,Puas
mantap model packaging aman,Puas
desain keren,Puas
sepatu nyaman,Puas
barang lumayan harga segitu,Puas
barang sesuai ekspetasi,Puas
sepatu nyaman desain keren mantap model ukur sesuai bahan kualitas proses pesan cepat respon jual top,Puas
sepatu nyaman bahan kualitas mantap model jual ramah banget proses pesan cepat packaging aman packaging rapi ukur sesuai desain keren respon jual top,Puas
sepatu bagus sayang jahit rapi,Puas
sepatu nyaman ukur sesuai defect sobek samping,Puas
sepatu nyaman mantap model desain keren ukur sesuai packaging aman proses pesan cepat packaging rapi,Puas
kirim barang,Neutral
sepatu nyaman,Puas
mantap model desain keren,Puas
desain keren mantap model sepatu nyaman jual ramah banget,Puas
sepatu nyaman desain keren proses pesan cepat mantap model,Puas
sepatu nyaman,Puas
ukur sesuai mantap model jual ramah banget bahan kualitas sepatu nyaman desain keren packaging aman proses pesan cepat proses pesan cepat respon jual top packaging rapi,Puas
produk sesuai gak kecewa ppkoknya,Puas
sepatu nyaman mantap model packaging aman,Puas
sepatu nyaman desain keren mantap model bahan kualitas proses pesan cepat ukur sesuai packaging rapi jual ramah banget,Puas
sepatu nyaman mantap model desain keren jual ramah banget proses pesan cepat bahan kualitas respon jual top packaging aman packaging rapi ukur sesuai sepatu nyaman bahan kualitas ukur sesuai proses pesan cepat jual ramah banget desain keren packaging rapi respon jual top packaging aman mantap model,Puas
ukur sesuai sepatu nyaman mantap model jual ramah banget,Puas
desain keren,Puas
sepatu nyaman bahan kualitas,Puas
sepatu nyaman mantap model desain keren ukur sesuai bahan kualitas,Puas
desain keren ukur sesuai mantap model bahan kualitas jual ramah banget sepatu nyaman,Puas
sae,Neutral
sepatu nyaman desain keren ukur sesuai mantap model kardus pas penyok,Puas
mantep barang sempet mikir size untung pas banget kaki nyaman enteng,Puas
sepatu nyaman desain keren mantap model,Puas
barang,Neutral
desain keren sepatu nyaman,Puas
sepatu nyaman desain keren mantap model,Puas
mantap model sepatu nyaman desain keren,Puas
desain keren sepatu nyaman mantap model ukur sesuai jual ramah banget bahan kualitas packaging aman proses pesan cepat packaging rapi,Puas
sepatu nyaman bahan kualitas mantap model desain keren,Puas
mantap model ukur sesuai proses pesan cepat,Puas
sepatu nyaman bahan kualitas mantap model desain keren ukur sesuai proses pesan cepat jual ramah banget packaging aman packaging rapi,Puas
mantap model,Puas
ukur sesuai bahan kualitas proses pesan cepat jual ramah banget packaging aman respon jual top desain keren sepatu nyaman mantap model packaging rapi,Puas
sepatu mantul bangetttttt utk harga bikin produk harga rakyat min,Puas
packing rapih sesuai pesan barang bagus mantap model proses pesan cepat desain keren,Puas
sepatu nyaman bahan kualitas desain keren jual ramah banget packaging rapi proses pesan cepat packaging aman respon jual top mantap model ukur sesuai,Puas
terima kasih,Puas
desain keren ukur sesuai bahan kualitas sepatu nyaman proses pesan cepat,Puas
ukur sesuai,Puas
sepatu nyaman ukur sesuai proses pesan cepat respon jual top desain keren,Puas
desain keren bahan kualitas,Puas
baguss sayang pake ekspedisi kirim overall bagus sepatu nyaman jugaa,Puas
sepatu nyaman mantap model desain keren bahan kualitas packaging rapi packaging aman jual ramah banget ukur sesuai,Puas
sepatu nyaman desain keren mantap model packaging aman proses pesan cepat,Puas
bagus kirim tingkat konfirmasi proses kirim mesti jeda,Puas
sepatu nyaman proses pesan cepat packaging aman respon jual top bahan kualitas,Puas
desain keren mantap model bahan kualitas ukur ukur,Puas
sepatu bagus model bagus dipakenya nyaman top catat kardus lecek faktor ekspedisi bahan kasih masuk ekspedisi package,Puas
ukur sesuai pas bgt susah nyari sepatu model bagus ukur harga jangkau,Puas
sepatu nyaman,Puas
bagus pengirimiannya lumayan lamaa,Puas
mntaappp,Neutral
mantaf bagus,Puas
sepatu nyaman,Puas
sepatu nyaman bahan kualitas desain keren ukur sesuai mantap model packaging rapi packaging aman,Puas
bahan kualitas kuat,Puas
sepatu nyaman mantap model desain keren ukur sesuai bahan kualitas jual ramah banget proses pesan cepat packaging aman packaging rapi respon jual top,Puas
sepatu nyaman mantap model bahan kualitas ukur sesuai packaging aman,Puas
bagus sih ukur kayak sempit,Puas
kirim,Neutral
sepatu nyaman mantap model desain keren ukur sesuai bahan kualitas packaging rapi proses pesan cepat,Puas
lokal pride banget value for money keren build quality bagus very recommended desain keren bahan kualitas,Puas
desain keren sepatu nyaman mantap model ukur sesuai bahan kualitas,Puas
nyangka harga gin dapet barang bagus,Puas
good service good product sesuai harga,Puas
sepatu nyaman mantap model ukur sesuai desain keren bahan kualitas packaging aman proses pesan cepat,Puas
desain keren packaging aman sepatu nyaman,Puas
paket terima beli sekian kali recommended,Puas
sepatu nyaman mantap model desain keren proses pesan cepat ukur sesuai packaging rapi jual ramah banget packaging aman bahan kualitas respon jual top,Puas
mantap,Puas
mantap model ukur sesuai bahan kualitas sepatu nyaman,Puas
mantap,Puas
barang sesuai deskripsi sekian kali beli kwalitas kirim cepat packing harga murah recommended seller trims gan desain keren,Puas
sepatu nyaman,Puas
sepatu nyaman mantap model desain keren ukur sesuai bahan kualitas,Puas
sepatu nyaman desain keren mantap model ukur sesuai,Puas
bahan kualitas,Puas
worth,Puas
desain keren sepatu nyaman mantap model ukur sesuai bahan kualitas,Puas
lawan pokonyadesainnya keren,Puas
sepatu nyaman bahan kualitas mantap model ukur sesuai desain keren,Puas
sepatu nyaman bahan kualitas desain keren ukur sesuai mantap model,Puas
desain keren ukur sesuai bahan kualitas mantap model sepatu nyaman,Puas
ukur sesuai,Puas
sepatu nyaman bahan kualitas ukur sesuai mantap model maju aerostreet,Puas
responsif barang muas kirim cepatsepatunya nyaman mantap model desain keren ukur sesuai bahan kualitas,Puas
sepatu nyaman desain keren ukur sesuai mantap model bahan kualitas,Puas
sepatu nyaman,Puas
beli aeostreet ukur nyoba kakak ukur pas pas coba ukur pas cuman ngepres beda seri beda sesuai sebenernya sepatu bagus cuman pas lihat sepatu lihat kayak sepatu anak sekolah sol nyaman empuk sirkulasi sepatu aerostreet nyaman pakai kaos kaki packing aman kirim sesuai batas sesuai harga,Puas
pengirimann lamaa pelayanann buruk kirim,Tidak Puas
sepatu nyaman mantap model bahan kualitas sayang kirim box gitu aja kasih pelastik boxnya,Puas
mantap model ukur sesuai desain keren,Puas
mantap model,Puas
sepatu nyaman desain keren mantap model bahan kualitas ukur sesuai,Puas
sepatu nyaman desain keren,Puas
masyallah sptunya keren murah emang racun aerostreet,Puas
